Workbook

Sheet Transaksi
A1: Tanggal | B1: Barang | C1: Size | D1: Kode | E1: Jml | F1: Harga_Jual | G1: Pemasukan | H1: Modal | I1: Laba | J1: Total_Modal | K1: Total_Omzet | L1: Total_Laba
A2: 46110 | B2: Dewasa | C2: XL | D2: b04 | E2: 1 | F2: 37000 | G2: =E2*F2 -> 37000 | H2: =IFERROR(E2*_xlfn.XLOOKUP(D2,Stok_Baju!B:B,Stok_Baju!D:D),0) -> 20833.333 | I2: =G2-H2 -> 16166.667 | J2: =SUM(H:H) -> 7367500 | K2: =SUM(G:G) -> 14602000 | L2: =K2-J2 -> 7234500
A3: 46110 | B3: Setelan | C3: S | D3: a01 | E3: 1 | F3: 40000 | G3: =E3*F3 -> 40000 | H3: =IFERROR(E3*_xlfn.XLOOKUP(D3,Stok_Baju!B:B,Stok_Baju!D:D),0) -> 21666.667 | I3: =G3-H3 -> 18333.333
A4: 46110 | B4: Spandex | C4: M | D4: c01 | E4: 1 | F4: 50000 | G4: =E4*F4 -> 50000 | H4: =IFERROR(E4*_xlfn.XLOOKUP(D4,Stok_Baju!B:B,Stok_Baju!D:D),0) -> 31250 | I4: =G4-H4 -> 18750
A5: 46112 | B5: Dewasa | C5: L | D5: c03 | E5: 2 | F5: 45000 | G5: =E5*F5 -> 90000 | H5: =IFERROR(E5*_xlfn.XLOOKUP(D5,Stok_Baju!B:B,Stok_Baju!D:D),0) -> 70833.333 | I5: =G5-H5 -> 19166.667
A6: 46112 | B6: Setelan | C6: M | D6: a02 | E6: 1 | F6: 50000 | G6: =E6*F6 -> 50000 | H6: =IFERROR(E6*_xlfn.XLOOKUP(D6,Stok_Baju!B:B,Stok_Baju!D:D),0) -> 22916.667 | I6: =G6-H6 -> 27083.333
A7: 46112 | B7: Setelan | C7: S | D7: a01 | E7: 2 | F7: 50000 | G7: =E7*F7 -> 100000 | H7: =IFERROR(E7*_xlfn.XLOOKUP(D7,Stok_Baju!B:B,Stok_Baju!D:D),0) -> 43333.333 | I7: =G7-H7 -> 56666.667
A8: 46112 | B8: Setelan | C8: L | D8: a03 | E8: 4 | F8: 50000 | G8: =E8*F8 -> 200000 | H8: =IFERROR(E8*_xlfn.XLOOKUP(D8,Stok_Baju!B:B,Stok_Baju!D:D),0) -> 95000 | I8: =G8-H8 -> 105000
A9: 46112 | B9: Xseven | D9: x7 | E9: 4 | F9: 60000 | G9: =E9*F9 -> 240000 | H9: =IFERROR(E9*_xlfn.XLOOKUP(D9,Stok_Baju!B:B,Stok_Baju!D:D),0) -> 140000 | I9: =G9-H9 -> 100000
A10: 46114 | B10: Setelan | C10: S | D10: a01 | E10: 2 | F10: 45000 | G10: =IF(OR(E10="",F10=""),"",E10*F10) -> 90000 | H10: =IFERROR(E10*_xlfn.XLOOKUP(D10,Stok_Baju!B:B,Stok_Baju!D:D),0) -> 43333.333 | I10: =IF(G10="","",G10-H10) -> 46666.667
A11: 46114 | B11: Setelan | C11: M | D11: a02 | E11: 4 | F11: 45000 | G11: =IF(OR(E11="",F11=""),"",E11*F11) -> 180000 | H11: =IFERROR(E11*_xlfn.XLOOKUP(D11,Stok_Baju!B:B,Stok_Baju!D:D),0) -> 91666.667 | I11: =IF(G11="","",G11-H11) -> 88333.333
A12: 46114 | B12: Setelan | C12: L | D12: a03 | E12: 9 | F12: 45000 | G12: =IF(OR(E12="",F12=""),"",E12*F12) -> 405000 | H12: =IFERROR(E12*_xlfn.XLOOKUP(D12,Stok_Baju!B:B,Stok_Baju!D:D),0) -> 213750 | I12: =IF(G12="","",G12-H12) -> 191250
A13: 46114 | B13: Setelan | C13: XL | D13: a04 | E13: 3 | F13: 50000 | G13: =IF(OR(E13="",F13=""),"",E13*F13) -> 150000 | H13: =IFERROR(E13*_xlfn.XLOOKUP(D13,Stok_Baju!B:B,Stok_Baju!D:D),0) -> 76250 | I13: =IF(G13="","",G13-H13) -> 73750
A14: 46114 | B14: Dewasa | C14: S | D14: b01 | E14: 1 | F14: 45000 | G14: =IF(OR(E14="",F14=""),"",E14*F14) -> 45000 | H14: =IFERROR(E14*_xlfn.XLOOKUP(D14,Stok_Baju!B:B,Stok_Baju!D:D),0) -> 17083.333 | I14: =IF(G14="","",G14-H14) -> 27916.667
A15: 46114 | B15: Dewasa | C15: M | D15: b02 | E15: 3 | F15: 45000 | G15: =IF(OR(E15="",F15=""),"",E15*F15) -> 135000 | H15: =IFERROR(E15*_xlfn.XLOOKUP(D15,Stok_Baju!B:B,Stok_Baju!D:D),0) -> 55000 | I15: =IF(G15="","",G15-H15) -> 80000
A16: 46114 | B16: Dewasa | C16: L | D16: b03 | E16: 1 | F16: 45000 | G16: =IF(OR(E16="",F16=""),"",E16*F16) -> 45000 | H16: =IFERROR(E16*_xlfn.XLOOKUP(D16,Stok_Baju!B:B,Stok_Baju!D:D),0) -> 19583.333 | I16: =IF(G16="","",G16-H16) -> 25416.667
A17: 46114 | B17: Spandex | C17: M | D17: c01 | E17: 2 | F17: 50000 | G17: =IF(OR(E17="",F17=""),"",E17*F17) -> 100000 | H17: =IFERROR(E17*_xlfn.XLOOKUP(D17,Stok_Baju!B:B,Stok_Baju!D:D),0) -> 62500 | I17: =IF(G17="","",G17-H17) -> 37500
A18: 46114 | B18: Spandex | C18: L | D18: c02 | E18: 2 | F18: 50000 | G18: =IF(OR(E18="",F18=""),"",E18*F18) -> 100000 | H18: =IFERROR(E18*_xlfn.XLOOKUP(D18,Stok_Baju!B:B,Stok_Baju!D:D),0) -> 65833.333 | I18: =IF(G18="","",G18-H18) -> 34166.667
A19: 46114 | B19: Spandex | C19: XL | D19: c03 | E19: 5 | F19: 50000 | G19: =IF(OR(E19="",F19=""),"",E19*F19) -> 250000 | H19: =IFERROR(E19*_xlfn.XLOOKUP(D19,Stok_Baju!B:B,Stok_Baju!D:D),0) -> 177083.33 | I19: =IF(G19="","",G19-H19) -> 72916.667
A20: 46114 | B20: Spandex | C20: XXL | D20: c04 | E20: 1 | F20: 50000 | G20: =IF(OR(E20="",F20=""),"",E20*F20) -> 50000 | H20: =IFERROR(E20*_xlfn.XLOOKUP(D20,Stok_Baju!B:B,Stok_Baju!D:D),0) -> 40000 | I20: =IF(G20="","",G20-H20) -> 10000
A21: 46114 | B21: Xseven | C21: - | D21: x7 | E21: 1 | F21: 50000 | G21: =IF(OR(E21="",F21=""),"",E21*F21) -> 50000 | H21: =IFERROR(E21*_xlfn.XLOOKUP(D21,Stok_Baju!B:B,Stok_Baju!D:D),0) -> 35000 | I21: =IF(G21="","",G21-H21) -> 15000
... A36: 46127 | B36: Dewasa | C36: S | D36: b01 | E36: 1 | F36: 45000 | G36: =IF(OR(E36="",F36=""),"",E36*F36) -> 45000 | H36: =IFERROR(E36*_xlfn.XLOOKUP(D36,Stok_Baju!B:B,Stok_Baju!D:D),0) -> 17083.333 | I36: =IF(G36="","",G36-H36) -> 27916.667
A37: 46127 | B37: Xseven | D37: x7 | E37: 2 | F37: 60000 | G37: =IF(OR(E37="",F37=""),"",E37*F37) -> 120000 | H37: =IFERROR(E37*_xlfn.XLOOKUP(D37,Stok_Baju!B:B,Stok_Baju!D:D),0) -> 70000 | I37: =IF(G37="","",G37-H37) -> 50000
A38: 46127 | B38: Spandex | C38: XXL | D38: c04 | E38: 1 | F38: 60000 | G38: =IF(OR(E38="",F38=""),"",E38*F38) -> 60000 | H38: =IFERROR(E38*_xlfn.XLOOKUP(D38,Stok_Baju!B:B,Stok_Baju!D:D),0) -> 40000 | I38: =IF(G38="","",G38-H38) -> 20000
A39: 46128 | B39: Setelan | C39: S | D39: a01 | E39: 1 | F39: 0 | G39: =IF(OR(E39="",F39=""),"",E39*F39) -> 0 | H39: =IFERROR(E39*_xlfn.XLOOKUP(D39,Stok_Baju!B:B,Stok_Baju!D:D),0) -> 21666.667 | I39: =IF(G39="","",G39-H39) -> -21666.667
A40: 46128 | B40: Setelan | C40: S | D40: a01 | E40: 1 | F40: 50000 | G40: =IF(OR(E40="",F40=""),"",E40*F40) -> 50000 | H40: =IFERROR(E40*_xlfn.XLOOKUP(D40,Stok_Baju!B:B,Stok_Baju!D:D),0) -> 21666.667 | I40: =IF(G40="","",G40-H40) -> 28333.333
A41: 46128 | B41: Setelan | C41: M | D41: a02 | E41: 4 | F41: 50000 | G41: =IF(OR(E41="",F41=""),"",E41*F41) -> 200000 | H41: =IFERROR(E41*_xlfn.XLOOKUP(D41,Stok_Baju!B:B,Stok_Baju!D:D),0) -> 91666.667 | I41: =IF(G41="","",G41-H41) -> 108333.33
A42: 46128 | B42: Setelan | C42: L | D42: a03 | E42: 7 | F42: 50000 | G42: =IF(OR(E42="",F42=""),"",E42*F42) -> 350000 | H42: =IFERROR(E42*_xlfn.XLOOKUP(D42,Stok_Baju!B:B,Stok_Baju!D:D),0) -> 166250 | I42: =IF(G42="","",G42-H42) -> 183750
A43: 46128 | B43: Setelan | C43: XL | D43: a04 | E43: 6 | F43: 50000 | G43: =IF(OR(E43="",F43=""),"",E43*F43) -> 300000 | H43: =IFERROR(E43*_xlfn.XLOOKUP(D43,Stok_Baju!B:B,Stok_Baju!D:D),0) -> 152500 | I43: =IF(G43="","",G43-H43) -> 147500
A44: 46128 | B44: Dewasa | C44: S | D44: b01 | E44: 5 | F44: 45000 | G44: =IF(OR(E44="",F44=""),"",E44*F44) -> 225000 | H44: =IFERROR(E44*_xlfn.XLOOKUP(D44,Stok_Baju!B:B,Stok_Baju!D:D),0) -> 85416.667 | I44: =IF(G44="","",G44-H44) -> 139583.33
A45: 46128 | B45: Dewasa | C45: M | D45: b02 | E45: 9 | F45: 45000 | G45: =IF(OR(E45="",F45=""),"",E45*F45) -> 405000 | H45: =IFERROR(E45*_xlfn.XLOOKUP(D45,Stok_Baju!B:B,Stok_Baju!D:D),0) -> 165000 | I45: =IF(G45="","",G45-H45) -> 240000
A46: 46128 | B46: Dewasa | C46: L | D46: b03 | E46: 7 | F46: 45000 | G46: =IF(OR(E46="",F46=""),"",E46*F46) -> 315000 | H46: =IFERROR(E46*_xlfn.XLOOKUP(D46,Stok_Baju!B:B,Stok_Baju!D:D),0) -> 137083.33 | I46: =IF(G46="","",G46-H46) -> 177916.67
A47: 46128 | B47: Dewasa | C47: XL | D47: b04 | E47: 2 | F47: 45000 | G47: =IF(OR(E47="",F47=""),"",E47*F47) -> 90000 | H47: =IFERROR(E47*_xlfn.XLOOKUP(D47,Stok_Baju!B:B,Stok_Baju!D:D),0) -> 41666.667 | I47: =IF(G47="","",G47-H47) -> 48333.333
A48: 46128 | B48: Dewasa | C48: XXL | D48: b05 | E48: 1 | F48: 50000 | G48: =IF(OR(E48="",F48=""),"",E48*F48) -> 50000 | H48: =IFERROR(E48*_xlfn.XLOOKUP(D48,Stok_Baju!B:B,Stok_Baju!D:D),0) -> 24166.667 | I48: =IF(G48="","",G48-H48) -> 25833.333
A49: 46128 | B49: Spandex | C49: L | D49: c02 | E49: 2 | F49: 50000 | G49: =IF(OR(E49="",F49=""),"",E49*F49) -> 100000 | H49: =IFERROR(E49*_xlfn.XLOOKUP(D49,Stok_Baju!B:B,Stok_Baju!D:D),0) -> 65833.333 | I49: =IF(G49="","",G49-H49) -> 34166.667
... A52: 46128 | B52: Spandex | C52: XXL | D52: c04 | E52: 2 | F52: 60000 | G52: =IF(OR(E52="",F52=""),"",E52*F52) -> 120000 | H52: =IFERROR(E52*_xlfn.XLOOKUP(D52,Stok_Baju!B:B,Stok_Baju!D:D),0) -> 80000 | I52: =IF(G52="","",G52-H52) -> 40000
A53: 46128 | B53: Daster | D53: das | E53: 2 | F53: 45000 | G53: =IF(OR(E53="",F53=""),"",E53*F53) -> 90000 | H53: =IFERROR(E53*_xlfn.XLOOKUP(D53,Stok_Baju!B:B,Stok_Baju!D:D),0) -> 65000 | I53: =IF(G53="","",G53-H53) -> 25000
A54: 46128 | B54: Xseven | D54: x7 | E54: 5 | F54: 60000 | G54: =IF(OR(E54="",F54=""),"",E54*F54) -> 300000 | H54: =IFERROR(E54*_xlfn.XLOOKUP(D54,Stok_Baju!B:B,Stok_Baju!D:D),0) -> 175000 | I54: =IF(G54="","",G54-H54) -> 125000
A55: 46129 | B55: Setelan | C55: S | D55: a01 | E55: 1 | F55: 50000 | G55: =IF(OR(E55="",F55=""),"",E55*F55) -> 50000 | H55: =IFERROR(E55*_xlfn.XLOOKUP(D55,Stok_Baju!B:B,Stok_Baju!D:D),0) -> 21666.667 | I55: =IF(G55="","",G55-H55) -> 28333.333
A56: 46130 | B56: Setelan | C56: S | D56: a01 | E56: 1 | F56: 45000 | G56: =IF(OR(E56="",F56=""),"",E56*F56) -> 45000 | H56: =IFERROR(E56*_xlfn.XLOOKUP(D56,Stok_Baju!B:B,Stok_Baju!D:D),0) -> 21666.667 | I56: =IF(G56="","",G56-H56) -> 23333.333
A57: 46130 | B57: Setelan | C57: L | D57: a03 | E57: 1 | F57: 45000 | G57: =IF(OR(E57="",F57=""),"",E57*F57) -> 45000 | H57: =IFERROR(E57*_xlfn.XLOOKUP(D57,Stok_Baju!B:B,Stok_Baju!D:D),0) -> 23750 | I57: =IF(G57="","",G57-H57) -> 21250
A58: 46130 | B58: Setelan | C58: XL | D58: a04 | E58: 1 | F58: 50000 | G58: =IF(OR(E58="",F58=""),"",E58*F58) -> 50000 | H58: =IFERROR(E58*_xlfn.XLOOKUP(D58,Stok_Baju!B:B,Stok_Baju!D:D),0) -> 25416.667 | I58: =IF(G58="","",G58-H58) -> 24583.333
A59: 46130 | B59: Dewasa | C59: L | D59: b03 | E59: 1 | F59: 45000 | G59: =IF(OR(E59="",F59=""),"",E59*F59) -> 45000 | H59: =IFERROR(E59*_xlfn.XLOOKUP(D59,Stok_Baju!B:B,Stok_Baju!D:D),0) -> 19583.333 | I59: =IF(G59="","",G59-H59) -> 25416.667
A60: 46130 | B60: Dewasa | C60: s | D60: b01 | E60: 1 | F60: 40000 | G60: =IF(OR(E60="",F60=""),"",E60*F60) -> 40000 | H60: =IFERROR(E60*_xlfn.XLOOKUP(D60,Stok_Baju!B:B,Stok_Baju!D:D),0) -> 17083.333 | I60: =IF(G60="","",G60-H60) -> 22916.667
A61: 46130 | B61: Spandex | C61: M | D61: c01 | E61: 1 | F61: 60000 | G61: =IF(OR(E61="",F61=""),"",E61*F61) -> 60000 | H61: =IFERROR(E61*_xlfn.XLOOKUP(D61,Stok_Baju!B:B,Stok_Baju!D:D),0) -> 31250 | I61: =IF(G61="","",G61-H61) -> 28750
A62: 46130 | B62: Setelan | C62: L | D62: a03 | E62: 1 | F62: 45000 | G62: =IF(OR(E62="",F62=""),"",E62*F62) -> 45000 | H62: =IFERROR(E62*_xlfn.XLOOKUP(D62,Stok_Baju!B:B,Stok_Baju!D:D),0) -> 23750 | I62: =IF(G62="","",G62-H62) -> 21250
A63: 46130 | B63: Setelan | C63: S | D63: a01 | E63: 2 | F63: 45000 | G63: =IF(OR(E63="",F63=""),"",E63*F63) -> 90000 | H63: =IFERROR(E63*_xlfn.XLOOKUP(D63,Stok_Baju!B:B,Stok_Baju!D:D),0) -> 43333.333 | I63: =IF(G63="","",G63-H63) -> 46666.667
A64: 46133 | B64: Setelan | C64: L | D64: a03 | E64: 1 | F64: 50000 | G64: =IF(OR(E64="",F64=""),"",E64*F64) -> 50000 | H64: =IFERROR(E64*_xlfn.XLOOKUP(D64,Stok_Baju!B:B,Stok_Baju!D:D),0) -> 23750 | I64: =IF(G64="","",G64-H64) -> 26250
A65: 46133 | B65: Setelan | C65: M | D65: a02 | E65: 1 | F65: 50000 | G65: =IF(OR(E65="",F65=""),"",E65*F65) -> 50000 | H65: =IFERROR(E65*_xlfn.XLOOKUP(D65,Stok_Baju!B:B,Stok_Baju!D:D),0) -> 22916.667 | I65: =IF(G65="","",G65-H65) -> 27083.333
A66: 46136 | B66: Setelan | C66: S | D66: a01 | E66: 5 | F66: 50000 | G66: =IF(OR(E66="",F66=""),"",E66*F66) -> 250000 | H66: =IFERROR(E66*_xlfn.XLOOKUP(D66,Stok_Baju!B:B,Stok_Baju!D:D),0) -> 108333.33 | I66: =IF(G66="","",G66-H66) -> 141666.67
... A75: 46136 | B75: Spandex | C75: XXL | D75: c04 | E75: 1 | F75: 60000 | G75: =IF(OR(E75="",F75=""),"",E75*F75) -> 60000 | H75: =IFERROR(E75*_xlfn.XLOOKUP(D75,Stok_Baju!B:B,Stok_Baju!D:D),0) -> 40000 | I75: =IF(G75="","",G75-H75) -> 20000
A76: 46136 | B76: Daster | D76: das | E76: 1 | F76: 45000 | G76: =IF(OR(E76="",F76=""),"",E76*F76) -> 45000 | H76: =IFERROR(E76*_xlfn.XLOOKUP(D76,Stok_Baju!B:B,Stok_Baju!D:D),0) -> 32500 | I76: =IF(G76="","",G76-H76) -> 12500
A77: 46141 | B77: Setelan | C77: S | D77: a01 | E77: 3 | F77: 50000 | G77: =IF(OR(E77="",F77=""),"",E77*F77) -> 150000 | H77: =IFERROR(E77*_xlfn.XLOOKUP(D77,Stok_Baju!B:B,Stok_Baju!D:D),0) -> 65000 | I77: =IF(G77="","",G77-H77) -> 85000
A78: 46141 | B78: Setelan | C78: m | D78: a02 | E78: 2 | F78: 50000 | G78: =IF(OR(E78="",F78=""),"",E78*F78) -> 100000 | H78: =IFERROR(E78*_xlfn.XLOOKUP(D78,Stok_Baju!B:B,Stok_Baju!D:D),0) -> 45833.333 | I78: =IF(G78="","",G78-H78) -> 54166.667
A79: 46141 | B79: Setelan | C79: l | D79: a03 | E79: 1 | F79: 50000 | G79: =IF(OR(E79="",F79=""),"",E79*F79) -> 50000 | H79: =IFERROR(E79*_xlfn.XLOOKUP(D79,Stok_Baju!B:B,Stok_Baju!D:D),0) -> 23750 | I79: =IF(G79="","",G79-H79) -> 26250
A80: 46141 | B80: Setelan | C80: xl | D80: a04 | E80: 3 | F80: 50000 | G80: =IF(OR(E80="",F80=""),"",E80*F80) -> 150000 | H80: =IFERROR(E80*_xlfn.XLOOKUP(D80,Stok_Baju!B:B,Stok_Baju!D:D),0) -> 76250 | I80: =IF(G80="","",G80-H80) -> 73750
A81: 46141 | B81: Dewasa | C81: l | D81: b03 | E81: 2 | F81: 45000 | G81: =IF(OR(E81="",F81=""),"",E81*F81) -> 90000 | H81: =IFERROR(E81*_xlfn.XLOOKUP(D81,Stok_Baju!B:B,Stok_Baju!D:D),0) -> 39166.667 | I81: =IF(G81="","",G81-H81) -> 50833.333
A82: 46141 | B82: Dewasa | C82: xl | D82: b04 | E82: 1 | F82: 45000 | G82: =IF(OR(E82="",F82=""),"",E82*F82) -> 45000 | H82: =IFERROR(E82*_xlfn.XLOOKUP(D82,Stok_Baju!B:B,Stok_Baju!D:D),0) -> 20833.333 | I82: =IF(G82="","",G82-H82) -> 24166.667
A83: 46141 | B83: Spandex | C83: xl | D83: c03 | E83: 1 | F83: 60000 | G83: =IF(OR(E83="",F83=""),"",E83*F83) -> 60000 | H83: =IFERROR(E83*_xlfn.XLOOKUP(D83,Stok_Baju!B:B,Stok_Baju!D:D),0) -> 35416.667 | I83: =IF(G83="","",G83-H83) -> 24583.333
A84: 46141 | B84: Spandex | C84: xxl | D84: c04 | E84: 1 | F84: 60000 | G84: =IF(OR(E84="",F84=""),"",E84*F84) -> 60000 | H84: =IFERROR(E84*_xlfn.XLOOKUP(D84,Stok_Baju!B:B,Stok_Baju!D:D),0) -> 40000 | I84: =IF(G84="","",G84-H84) -> 20000
A85: 46141 | B85: Xseven | D85: x7 | E85: 1 | F85: 60000 | G85: =IF(OR(E85="",F85=""),"",E85*F85) -> 60000 | H85: =IFERROR(E85*_xlfn.XLOOKUP(D85,Stok_Baju!B:B,Stok_Baju!D:D),0) -> 35000 | I85: =IF(G85="","",G85-H85) -> 25000
A86: 46142 | B86: Setelan | C86: S | D86: a01 | E86: 3 | F86: 50000 | G86: =IF(OR(E86="",F86=""),"",E86*F86) -> 150000 | H86: =IFERROR(E86*_xlfn.XLOOKUP(D86,Stok_Baju!B:B,Stok_Baju!D:D),0) -> 65000 | I86: =IF(G86="","",G86-H86) -> 85000
A87: 46142 | B87: Setelan | C87: M | D87: a02 | E87: 3 | F87: 50000 | G87: =IF(OR(E87="",F87=""),"",E87*F87) -> 150000 | H87: =IFERROR(E87*_xlfn.XLOOKUP(D87,Stok_Baju!B:B,Stok_Baju!D:D),0) -> 68750 | I87: =IF(G87="","",G87-H87) -> 81250
A88: 46142 | B88: Setelan | C88: L | D88: a03 | E88: 5 | F88: 50000 | G88: =IF(OR(E88="",F88=""),"",E88*F88) -> 250000 | H88: =IFERROR(E88*_xlfn.XLOOKUP(D88,Stok_Baju!B:B,Stok_Baju!D:D),0) -> 118750 | I88: =IF(G88="","",G88-H88) -> 131250
A89: 46142 | B89: Setelan | C89: XL | D89: a04 | E89: 7 | F89: 50000 | G89: =IF(OR(E89="",F89=""),"",E89*F89) -> 350000 | H89: =IFERROR(E89*_xlfn.XLOOKUP(D89,Stok_Baju!B:B,Stok_Baju!D:D),0) -> 177916.67 | I89: =IF(G89="","",G89-H89) -> 172083.33
A90: 46142 | B90: Dewasa | C90: S | D90: b01 | E90: 2 | F90: 45000 | G90: =IF(OR(E90="",F90=""),"",E90*F90) -> 90000 | H90: =IFERROR(E90*_xlfn.XLOOKUP(D90,Stok_Baju!B:B,Stok_Baju!D:D),0) -> 34166.667 | I90: =IF(G90="","",G90-H90) -> 55833.333
A91: 46142 | B91: Dewasa | C91: M | D91: b02 | E91: 1 | F91: 45000 | G91: =IF(OR(E91="",F91=""),"",E91*F91) -> 45000 | H91: =IFERROR(E91*_xlfn.XLOOKUP(D91,Stok_Baju!B:B,Stok_Baju!D:D),0) -> 18333.333 | I91: =IF(G91="","",G91-H91) -> 26666.667
A92: 46142 | B92: Dewasa | C92: L | D92: b03 | E92: 1 | F92: 45000 | G92: =IF(OR(E92="",F92=""),"",E92*F92) -> 45000 | H92: =IFERROR(E92*_xlfn.XLOOKUP(D92,Stok_Baju!B:B,Stok_Baju!D:D),0) -> 19583.333 | I92: =IF(G92="","",G92-H92) -> 25416.667
A93: 46142 | B93: Dewasa | C93: XL | D93: b04 | E93: 1 | F93: 45000 | G93: =IF(OR(E93="",F93=""),"",E93*F93) -> 45000 | H93: =IFERROR(E93*_xlfn.XLOOKUP(D93,Stok_Baju!B:B,Stok_Baju!D:D),0) -> 20833.333 | I93: =IF(G93="","",G93-H93) -> 24166.667
A94: 46142 | B94: Spandex | C94: M | D94: c01 | E94: 2 | F94: 60000 | G94: =IF(OR(E94="",F94=""),"",E94*F94) -> 120000 | H94: =IFERROR(E94*_xlfn.XLOOKUP(D94,Stok_Baju!B:B,Stok_Baju!D:D),0) -> 62500 | I94: =IF(G94="","",G94-H94) -> 57500
A95: 46142 | B95: Spandex | C95: L | D95: c02 | E95: 2 | F95: 60000 | G95: =IF(OR(E95="",F95=""),"",E95*F95) -> 120000 | H95: =IFERROR(E95*_xlfn.XLOOKUP(D95,Stok_Baju!B:B,Stok_Baju!D:D),0) -> 65833.333 | I95: =IF(G95="","",G95-H95) -> 54166.667
A96: 46142 | B96: Xseven | D96: x7 | E96: 1 | F96: 60000 | G96: =IF(OR(E96="",F96=""),"",E96*F96) -> 60000 | H96: =IFERROR(E96*_xlfn.XLOOKUP(D96,Stok_Baju!B:B,Stok_Baju!D:D),0) -> 35000 | I96: =IF(G96="","",G96-H96) -> 25000
A97: 46142 | B97: Daster | D97: das | E97: 2 | F97: 45000 | G97: =IF(OR(E97="",F97=""),"",E97*F97) -> 90000 | H97: =IFERROR(E97*_xlfn.XLOOKUP(D97,Stok_Baju!B:B,Stok_Baju!D:D),0) -> 65000 | I97: =IF(G97="","",G97-H97) -> 25000
A98: 46147 | B98: Setelan | C98: S | D98: a01 | E98: 2 | F98: 50000 | G98: =IF(OR(E98="",F98=""),"",E98*F98) -> 100000 | H98: =IFERROR(E98*_xlfn.XLOOKUP(D98,Stok_Baju!B:B,Stok_Baju!D:D),0) -> 43333.333 | I98: =IF(G98="","",G98-H98) -> 56666.667
A99: 46147 | B99: Setelan | C99: M | D99: a02 | E99: 2 | F99: 50000 | G99: =IF(OR(E99="",F99=""),"",E99*F99) -> 100000 | H99: =IFERROR(E99*_xlfn.XLOOKUP(D99,Stok_Baju!B:B,Stok_Baju!D:D),0) -> 45833.333 | I99: =IF(G99="","",G99-H99) -> 54166.667
A100: 46147 | B100: Setelan | C100: XL | D100: a04 | E100: 3 | F100: 50000 | G100: =IF(OR(E100="",F100=""),"",E100*F100) -> 150000 | H100: =IFERROR(E100*_xlfn.XLOOKUP(D100,Stok_Baju!B:B,Stok_Baju!D:D),0) -> 76250 | I100: =IF(G100="","",G100-H100) -> 73750
A101: 46147 | B101: Dewasa | C101: M | D101: b02 | E101: 2 | F101: 45000 | G101: =IF(OR(E101="",F101=""),"",E101*F101) -> 90000 | H101: =IFERROR(E101*_xlfn.XLOOKUP(D101,Stok_Baju!B:B,Stok_Baju!D:D),0) -> 36666.667 | I101: =IF(G101="","",G101-H101) -> 53333.333
A102: 46147 | B102: Dewasa | C102: XXL | D102: b05 | E102: 2 | F102: 50000 | G102: =IF(OR(E102="",F102=""),"",E102*F102) -> 100000 | H102: =IFERROR(E102*_xlfn.XLOOKUP(D102,Stok_Baju!B:B,Stok_Baju!D:D),0) -> 48333.333 | I102: =IF(G102="","",G102-H102) -> 51666.667
A103: 46147 | B103: Spandex | C103: XL | D103: c03 | E103: 1 | F103: 60000 | G103: =IF(OR(E103="",F103=""),"",E103*F103) -> 60000 | H103: =IFERROR(E103*_xlfn.XLOOKUP(D103,Stok_Baju!B:B,Stok_Baju!D:D),0) -> 35416.667 | I103: =IF(G103="","",G103-H103) -> 24583.333
A104: 46148 | B104: Setelan | C104: S | D104: a01 | E104: 2 | F104: 50000 | G104: =IF(OR(E104="",F104=""),"",E104*F104) -> 100000 | H104: =IFERROR(E104*_xlfn.XLOOKUP(D104,Stok_Baju!B:B,Stok_Baju!D:D),0) -> 43333.333 | I104: =IF(G104="","",G104-H104) -> 56666.667
A105: 46148 | B105: Setelan | C105: M | D105: a02 | E105: 5 | F105: 50000 | G105: =IF(OR(E105="",F105=""),"",E105*F105) -> 250000 | H105: =IFERROR(E105*_xlfn.XLOOKUP(D105,Stok_Baju!B:B,Stok_Baju!D:D),0) -> 114583.33 | I105: =IF(G105="","",G105-H105) -> 135416.67
A106: 46149 | B106: Daster | D106: das | E106: 1 | F106: 45000 | G106: =IF(OR(E106="",F106=""),"",E106*F106) -> 45000 | H106: =IFERROR(E106*_xlfn.XLOOKUP(D106,Stok_Baju!B:B,Stok_Baju!D:D),0) -> 32500 | I106: =IF(G106="","",G106-H106) -> 12500
A107: 46149 | B107: Setelan | C107: XL | D107: a04 | E107: 1 | F107: 50000 | G107: =IF(OR(E107="",F107=""),"",E107*F107) -> 50000 | H107: =IFERROR(E107*_xlfn.XLOOKUP(D107,Stok_Baju!B:B,Stok_Baju!D:D),0) -> 25416.667 | I107: =IF(G107="","",G107-H107) -> 24583.333
A108: 46149 | B108: Setelan | C108: L | D108: a03 | E108: 1 | F108: 50000 | G108: =IF(OR(E108="",F108=""),"",E108*F108) -> 50000 | H108: =IFERROR(E108*_xlfn.XLOOKUP(D108,Stok_Baju!B:B,Stok_Baju!D:D),0) -> 23750 | I108: =IF(G108="","",G108-H108) -> 26250
A109: 46149 | B109: Dewasa | C109: S | D109: b01 | E109: 1 | F109: 45000 | G109: =IF(OR(E109="",F109=""),"",E109*F109) -> 45000 | H109: =IFERROR(E109*_xlfn.XLOOKUP(D109,Stok_Baju!B:B,Stok_Baju!D:D),0) -> 17083.333 | I109: =IF(G109="","",G109-H109) -> 27916.667
A110: 46154 | B110: Setelan | C110: XL | D110: a04 | E110: 1 | F110: 50000 | G110: =IF(OR(E110="",F110=""),"",E110*F110) -> 50000 | H110: =IFERROR(E110*_xlfn.XLOOKUP(D110,Stok_Baju!B:B,Stok_Baju!D:D),0) -> 25416.667 | I110: =IF(G110="","",G110-H110) -> 24583.333
A111: 46154 | B111: Dewasa | C111: M | D111: b02 | E111: 1 | F111: 45000 | G111: =IF(OR(E111="",F111=""),"",E111*F111) -> 45000 | H111: =IFERROR(E111*_xlfn.XLOOKUP(D111,Stok_Baju!B:B,Stok_Baju!D:D),0) -> 18333.333 | I111: =IF(G111="","",G111-H111) -> 26666.667
A112: 46154 | B112: Dewasa | C112: XL | D112: b04 | E112: 1 | F112: 45000 | G112: =IF(OR(E112="",F112=""),"",E112*F112) -> 45000 | H112: =IFERROR(E112*_xlfn.XLOOKUP(D112,Stok_Baju!B:B,Stok_Baju!D:D),0) -> 20833.333 | I112: =IF(G112="","",G112-H112) -> 24166.667
A113: 46155 | B113: Setelan | C113: S | D113: a01 | E113: 2 | F113: 50000 | G113: =IF(OR(E113="",F113=""),"",E113*F113) -> 100000 | H113: =IFERROR(E113*_xlfn.XLOOKUP(D113,Stok_Baju!B:B,Stok_Baju!D:D),0) -> 43333.333 | I113: =IF(G113="","",G113-H113) -> 56666.667
A114: 46155 | B114: Setelan | C114: S | D114: a02 | E114: 1 | F114: 50000 | G114: =IF(OR(E114="",F114=""),"",E114*F114) -> 50000 | H114: =IFERROR(E114*_xlfn.XLOOKUP(D114,Stok_Baju!B:B,Stok_Baju!D:D),0) -> 22916.667 | I114: =IF(G114="","",G114-H114) -> 27083.333
A115: 46155 | B115: Dewasa | C115: XL | D115: b04 | E115: 1 | F115: 45000 | G115: =IF(OR(E115="",F115=""),"",E115*F115) -> 45000 | H115: =IFERROR(E115*_xlfn.XLOOKUP(D115,Stok_Baju!B:B,Stok_Baju!D:D),0) -> 20833.333 | I115: =IF(G115="","",G115-H115) -> 24166.667
A116: 46155 | B116: Setelan | C116: S | D116: a01 | E116: 1 | F116: 50000 | G116: =IF(OR(E116="",F116=""),"",E116*F116) -> 50000 | H116: =IFERROR(E116*_xlfn.XLOOKUP(D116,Stok_Baju!B:B,Stok_Baju!D:D),0) -> 21666.667 | I116: =IF(G116="","",G116-H116) -> 28333.333
A117: 46155 | B117: Dewasa | C117: XL | D117: a04 | E117: 1 | F117: 45000 | G117: =IF(OR(E117="",F117=""),"",E117*F117) -> 45000 | H117: =IFERROR(E117*_xlfn.XLOOKUP(D117,Stok_Baju!B:B,Stok_Baju!D:D),0) -> 25416.667 | I117: =IF(G117="","",G117-H117) -> 19583.333
A118: 46155 | B118: Xseven | D118: x7 | E118: 1 | F118: 60000 | G118: =IF(OR(E118="",F118=""),"",E118*F118) -> 60000 | H118: =IFERROR(E118*_xlfn.XLOOKUP(D118,Stok_Baju!B:B,Stok_Baju!D:D),0) -> 35000 | I118: =IF(G118="","",G118-H118) -> 25000
A119: 46155 | B119: Setelan | C119: S | D119: a01 | E119: 1 | F119: 50000 | G119: =IF(OR(E119="",F119=""),"",E119*F119) -> 50000 | H119: =IFERROR(E119*_xlfn.XLOOKUP(D119,Stok_Baju!B:B,Stok_Baju!D:D),0) -> 21666.667 | I119: =IF(G119="","",G119-H119) -> 28333.333
A120: 46155 | B120: Setelan | C120: M | D120: a02 | E120: 1 | F120: 50000 | G120: =IF(OR(E120="",F120=""),"",E120*F120) -> 50000 | H120: =IFERROR(E120*_xlfn.XLOOKUP(D120,Stok_Baju!B:B,Stok_Baju!D:D),0) -> 22916.667 | I120: =IF(G120="","",G120-H120) -> 27083.333
A121: 46155 | B121: Xseven | D121: x7 | E121: 2 | F121: 60000 | G121: =IF(OR(E121="",F121=""),"",E121*F121) -> 120000 | H121: =IFERROR(E121*_xlfn.XLOOKUP(D121,Stok_Baju!B:B,Stok_Baju!D:D),0) -> 70000 | I121: =IF(G121="","",G121-H121) -> 50000
A122: 46155 | B122: Setelan | C122: XL | D122: a04 | E122: 1 | F122: 50000 | G122: =IF(OR(E122="",F122=""),"",E122*F122) -> 50000 | H122: =IFERROR(E122*_xlfn.XLOOKUP(D122,Stok_Baju!B:B,Stok_Baju!D:D),0) -> 25416.667 | I122: =IF(G122="","",G122-H122) -> 24583.333
A123: 46155 | B123: Setelan | C123: S | D123: a01 | E123: 1 | F123: 50000 | G123: =IF(OR(E123="",F123=""),"",E123*F123) -> 50000 | H123: =IFERROR(E123*_xlfn.XLOOKUP(D123,Stok_Baju!B:B,Stok_Baju!D:D),0) -> 21666.667 | I123: =IF(G123="","",G123-H123) -> 28333.333
A124: 46155 | B124: Setelan | C124: L | D124: a03 | E124: 2 | F124: 50000 | G124: =IF(OR(E124="",F124=""),"",E124*F124) -> 100000 | H124: =IFERROR(E124*_xlfn.XLOOKUP(D124,Stok_Baju!B:B,Stok_Baju!D:D),0) -> 47500 | I124: =IF(G124="","",G124-H124) -> 52500
...

Sheet Stok_Baju
A1: Barang_Size | B1: Kode | C1: Modal_lusinan | D1: Modal_Satuan | E1: Belanja | F1: Stok_Awal | G1: Lemari | H1: Pajangan_awal | I1: kePajangan | J1: Pajangan | K1: Brg_Keluar | L1: Total_stok | M1: Bulan | N1: Modal_bulan | O1: Total_Omzet | P1: Total_Laba
A2: Setelan S | B2: a01 | C2: =belanja!H3 -> 260000 | D2: =C2/12 -> 21666.667 | E2: =belanja!E3*12 -> 24 | F2: 34 | G2: =Table3[[#This Row],[Column10]]-Table3[[#This Row],[Column19]] -> 7 | H2: 46 | I2: =6+12 -> 18 | J2: =Table3[[#This Row],[Column6]]+Table3[[#This Row],[Column5]]-Table3[[#This Row],[Column13]] -> 27 | K2: =IF($B2="","",SUMIF(Transaksi!$D:$D,$B2,Transaksi!$E:$E)+IF($B2="das",SUMIFS(Transaksi!$E:$E,Transaksi!$B:$B,"Daster",Transaksi!$D:$D,""),0)+IF($B2="x7",SUMIFS(Transaksi!$E:$E,Transaksi!$B:$B,"Xseven",Transaksi!$D:$D,""),0)) -> 37 | L2: =Table3[[#This Row],[Column11]]+Table3[[#This Row],[Column19]] -> 34 | M2: April | N2: =SUMIFS(Transaksi!H:H,Transaksi!$A:$A,">="&DATE(2026,4,1),Transaksi!$A:$A,"<"&DATE(2026,5,1)) -> 5353750 | O2: =SUMIFS(Transaksi!G:G,Transaksi!$A:$A,">="&DATE(2026,4,1),Transaksi!$A:$A,"<"&DATE(2026,5,1)) -> 10580000 | P2: =SUMIFS(Transaksi!I:I,Transaksi!$A:$A,">="&DATE(2026,4,1),Transaksi!$A:$A,"<"&DATE(2026,5,1)) -> 5226250
A3: Setelan M | B3: a02 | C3: =belanja!H4 -> 275000 | D3: =C3/12 -> 22916.667 | E3: =belanja!E4*12 -> 24 | F3: 37 | G3: =Table3[[#This Row],[Column10]]-Table3[[#This Row],[Column19]] -> 10 | H3: 49 | I3: =12+2+2 -> 16 | J3: =Table3[[#This Row],[Column6]]+Table3[[#This Row],[Column5]]-Table3[[#This Row],[Column13]] -> 27 | K3: =IF($B3="","",SUMIF(Transaksi!$D:$D,$B3,Transaksi!$E:$E)+IF($B3="das",SUMIFS(Transaksi!$E:$E,Transaksi!$B:$B,"Daster",Transaksi!$D:$D,""),0)+IF($B3="x7",SUMIFS(Transaksi!$E:$E,Transaksi!$B:$B,"Xseven",Transaksi!$D:$D,""),0)) -> 38 | L3: =Table3[[#This Row],[Column11]]+Table3[[#This Row],[Column19]] -> 37 | M3: Mei | N3: =SUMIFS(Transaksi!H:H,Transaksi!$A:$A,">="&DATE(2026,5,1),Transaksi!$A:$A,"<"&DATE(2026,6,1)) -> 1567916.7 | O3: =SUMIFS(Transaksi!G:G,Transaksi!$A:$A,">="&DATE(2026,5,1),Transaksi!$A:$A,"<"&DATE(2026,6,1)) -> 3215000 | P3: =SUMIFS(Transaksi!I:I,Transaksi!$A:$A,">="&DATE(2026,5,1),Transaksi!$A:$A,"<"&DATE(2026,6,1)) -> 1647083.3
A4: Setelan L | B4: a03 | C4: =belanja!H5 -> 285000 | D4: =C4/12 -> 23750 | E4: =belanja!E5*12 -> 24 | F4: 40 | G4: =Table3[[#This Row],[Column10]]-Table3[[#This Row],[Column19]] -> 13 | H4: 62 | I4: =9+6 -> 15 | J4: =Table3[[#This Row],[Column6]]+Table3[[#This Row],[Column5]]-Table3[[#This Row],[Column13]] -> 27 | K4: =IF($B4="","",SUMIF(Transaksi!$D:$D,$B4,Transaksi!$E:$E)+IF($B4="das",SUMIFS(Transaksi!$E:$E,Transaksi!$B:$B,"Daster",Transaksi!$D:$D,""),0)+IF($B4="x7",SUMIFS(Transaksi!$E:$E,Transaksi!$B:$B,"Xseven",Transaksi!$D:$D,""),0)) -> 50 | L4: =Table3[[#This Row],[Column11]]+Table3[[#This Row],[Column19]] -> 40
A5: Setelan XL | B5: a04 | C5: =belanja!H6 -> 305000 | D5: =C5/12 -> 25416.667 | E5: =belanja!E6*12 -> 24 | F5: 26 | G5: =Table3[[#This Row],[Column10]]-Table3[[#This Row],[Column19]] -> 0 | H5: =34+24 -> 58 | I5: =6+6 -> 12 | J5: =Table3[[#This Row],[Column6]]+Table3[[#This Row],[Column5]]-Table3[[#This Row],[Column13]] -> 26 | K5: =IF($B5="","",SUMIF(Transaksi!$D:$D,$B5,Transaksi!$E:$E)+IF($B5="das",SUMIFS(Transaksi!$E:$E,Transaksi!$B:$B,"Daster",Transaksi!$D:$D,""),0)+IF($B5="x7",SUMIFS(Transaksi!$E:$E,Transaksi!$B:$B,"Xseven",Transaksi!$D:$D,""),0)) -> 44 | L5: =Table3[[#This Row],[Column11]]+Table3[[#This Row],[Column19]] -> 26
A6: Dewasa S | B6: b01 | C6: =belanja!H7 -> 205000 | D6: =C6/12 -> 17083.333 | E6: =belanja!E7*12 -> 0 | F6: 32 | G6: =Table3[[#This Row],[Column10]]-Table3[[#This Row],[Column19]] -> 0 | H6: =14+32 -> 46 | J6: =Table3[[#This Row],[Column6]]+Table3[[#This Row],[Column5]]-Table3[[#This Row],[Column13]] -> 32 | K6: =IF($B6="","",SUMIF(Transaksi!$D:$D,$B6,Transaksi!$E:$E)+IF($B6="das",SUMIFS(Transaksi!$E:$E,Transaksi!$B:$B,"Daster",Transaksi!$D:$D,""),0)+IF($B6="x7",SUMIFS(Transaksi!$E:$E,Transaksi!$B:$B,"Xseven",Transaksi!$D:$D,""),0)) -> 14 | L6: =Table3[[#This Row],[Column11]]+Table3[[#This Row],[Column19]] -> 32
A7: Dewasa M | B7: b02 | C7: =belanja!H8 -> 220000 | D7: =C7/12 -> 18333.333 | E7: =belanja!E8*12 -> 12 | F7: 41 | G7: =Table3[[#This Row],[Column10]]-Table3[[#This Row],[Column19]] -> 13 | H7: =20+29 -> 49 | J7: =Table3[[#This Row],[Column6]]+Table3[[#This Row],[Column5]]-Table3[[#This Row],[Column13]] -> 28 | K7: =IF($B7="","",SUMIF(Transaksi!$D:$D,$B7,Transaksi!$E:$E)+IF($B7="das",SUMIFS(Transaksi!$E:$E,Transaksi!$B:$B,"Daster",Transaksi!$D:$D,""),0)+IF($B7="x7",SUMIFS(Transaksi!$E:$E,Transaksi!$B:$B,"Xseven",Transaksi!$D:$D,""),0)) -> 21 | L7: =Table3[[#This Row],[Column11]]+Table3[[#This Row],[Column19]] -> 41
A8: Dewasa L | B8: b03 | C8: =belanja!H9 -> 235000 | D8: =C8/12 -> 19583.333 | E8: =belanja!E9*12 -> 12 | F8: 43 | G8: =Table3[[#This Row],[Column10]]-Table3[[#This Row],[Column19]] -> 12 | H8: =31+16 -> 47 | J8: =Table3[[#This Row],[Column6]]+Table3[[#This Row],[Column5]]-Table3[[#This Row],[Column13]] -> 31 | K8: =IF($B8="","",SUMIF(Transaksi!$D:$D,$B8,Transaksi!$E:$E)+IF($B8="das",SUMIFS(Transaksi!$E:$E,Transaksi!$B:$B,"Daster",Transaksi!$D:$D,""),0)+IF($B8="x7",SUMIFS(Transaksi!$E:$E,Transaksi!$B:$B,"Xseven",Transaksi!$D:$D,""),0)) -> 16 | L8: =Table3[[#This Row],[Column11]]+Table3[[#This Row],[Column19]] -> 43
A9: Dewasa XL | B9: b04 | C9: =belanja!H10 -> 250000 | D9: =C9/12 -> 20833.333 | E9: =belanja!E10*12 -> 0 | F9: 41 | G9: =Table3[[#This Row],[Column10]]-Table3[[#This Row],[Column19]] -> 12 | H9: =29+8 -> 37 | J9: =Table3[[#This Row],[Column6]]+Table3[[#This Row],[Column5]]-Table3[[#This Row],[Column13]] -> 29 | K9: =IF($B9="","",SUMIF(Transaksi!$D:$D,$B9,Transaksi!$E:$E)+IF($B9="das",SUMIFS(Transaksi!$E:$E,Transaksi!$B:$B,"Daster",Transaksi!$D:$D,""),0)+IF($B9="x7",SUMIFS(Transaksi!$E:$E,Transaksi!$B:$B,"Xseven",Transaksi!$D:$D,""),0)) -> 8 | L9: =Table3[[#This Row],[Column11]]+Table3[[#This Row],[Column19]] -> 41
A10: Dewasa XXL | B10: b05 | C10: =belanja!H11 -> 290000 | D10: =C10/12 -> 24166.667 | E10: =belanja!E11*12 -> 0 | F10: 38 | G10: =Table3[[#This Row],[Column10]]-Table3[[#This Row],[Column19]] -> 8 | H10: =30+3 -> 33 | J10: =Table3[[#This Row],[Column6]]+Table3[[#This Row],[Column5]]-Table3[[#This Row],[Column13]] -> 30 | K10: =IF($B10="","",SUMIF(Transaksi!$D:$D,$B10,Transaksi!$E:$E)+IF($B10="das",SUMIFS(Transaksi!$E:$E,Transaksi!$B:$B,"Daster",Transaksi!$D:$D,""),0)+IF($B10="x7",SUMIFS(Transaksi!$E:$E,Transaksi!$B:$B,"Xseven",Transaksi!$D:$D,""),0)) -> 3 | L10: =Table3[[#This Row],[Column11]]+Table3[[#This Row],[Column19]] -> 38
A11: Spandex M | B11: c01 | C11: =belanja!H12 -> 375000 | D11: =C11/12 -> 31250 | E11: =belanja!E12*12 -> 6 | F11: =8+8 -> 16 | G11: =Table3[[#This Row],[Column10]]-Table3[[#This Row],[Column19]] -> 8 | H11: =7+8 -> 15 | J11: =Table3[[#This Row],[Column6]]+Table3[[#This Row],[Column5]]-Table3[[#This Row],[Column13]] -> 8 | K11: =IF($B11="","",SUMIF(Transaksi!$D:$D,$B11,Transaksi!$E:$E)+IF($B11="das",SUMIFS(Transaksi!$E:$E,Transaksi!$B:$B,"Daster",Transaksi!$D:$D,""),0)+IF($B11="x7",SUMIFS(Transaksi!$E:$E,Transaksi!$B:$B,"Xseven",Transaksi!$D:$D,""),0)) -> 7 | L11: =Table3[[#This Row],[Column11]]+Table3[[#This Row],[Column19]] -> 16
A12: Spandex L | B12: c02 | C12: =belanja!H13 -> 395000 | D12: =C12/12 -> 32916.667 | E12: =belanja!E13*12 -> 12 | F12: 14 | G12: =Table3[[#This Row],[Column10]]-Table3[[#This Row],[Column19]] -> 6 | H12: =8+11 -> 19 | J12: =Table3[[#This Row],[Column6]]+Table3[[#This Row],[Column5]]-Table3[[#This Row],[Column13]] -> 8 | K12: =IF($B12="","",SUMIF(Transaksi!$D:$D,$B12,Transaksi!$E:$E)+IF($B12="das",SUMIFS(Transaksi!$E:$E,Transaksi!$B:$B,"Daster",Transaksi!$D:$D,""),0)+IF($B12="x7",SUMIFS(Transaksi!$E:$E,Transaksi!$B:$B,"Xseven",Transaksi!$D:$D,""),0)) -> 11 | L12: =Table3[[#This Row],[Column11]]+Table3[[#This Row],[Column19]] -> 14
A13: Spandex XL | B13: c03 | C13: =belanja!H14 -> 425000 | D13: =C13/12 -> 35416.667 | E13: =belanja!E14*12 -> 6 | F13: 13 | G13: =Table3[[#This Row],[Column10]]-Table3[[#This Row],[Column19]] -> 9 | H13: =7+13 -> 20 | J13: =Table3[[#This Row],[Column6]]+Table3[[#This Row],[Column5]]-Table3[[#This Row],[Column13]] -> 4 | K13: =IF($B13="","",SUMIF(Transaksi!$D:$D,$B13,Transaksi!$E:$E)+IF($B13="das",SUMIFS(Transaksi!$E:$E,Transaksi!$B:$B,"Daster",Transaksi!$D:$D,""),0)+IF($B13="x7",SUMIFS(Transaksi!$E:$E,Transaksi!$B:$B,"Xseven",Transaksi!$D:$D,""),0)) -> 16 | L13: =Table3[[#This Row],[Column11]]+Table3[[#This Row],[Column19]] -> 13
A14: Spandex XXL | B14: c04 | C14: =belanja!H15 -> 480000 | D14: =C14/12 -> 40000 | E14: =belanja!E15*12 -> 6 | F14: 14 | G14: =Table3[[#This Row],[Column10]]-Table3[[#This Row],[Column19]] -> 6 | H14: =8+6 -> 14 | J14: =Table3[[#This Row],[Column6]]+Table3[[#This Row],[Column5]]-Table3[[#This Row],[Column13]] -> 8 | K14: =IF($B14="","",SUMIF(Transaksi!$D:$D,$B14,Transaksi!$E:$E)+IF($B14="das",SUMIFS(Transaksi!$E:$E,Transaksi!$B:$B,"Daster",Transaksi!$D:$D,""),0)+IF($B14="x7",SUMIFS(Transaksi!$E:$E,Transaksi!$B:$B,"Xseven",Transaksi!$D:$D,""),0)) -> 6 | L14: =Table3[[#This Row],[Column11]]+Table3[[#This Row],[Column19]] -> 14
A15: XSeven | B15: x7 | C15: 420000 | D15: =C15/12 -> 35000 | E15: =belanja!E16*12 -> 0 | F15: 14 | G15: =Table3[[#This Row],[Column10]]-Table3[[#This Row],[Column19]] -> 4 | H15: =14+14 -> 28 | J15: =Table3[[#This Row],[Column6]]+Table3[[#This Row],[Column5]]-Table3[[#This Row],[Column13]] -> 10 | K15: =IF($B15="","",SUMIF(Transaksi!$D:$D,$B15,Transaksi!$E:$E)+IF($B15="das",SUMIFS(Transaksi!$E:$E,Transaksi!$B:$B,"Daster",Transaksi!$D:$D,""),0)+IF($B15="x7",SUMIFS(Transaksi!$E:$E,Transaksi!$B:$B,"Xseven",Transaksi!$D:$D,""),0)) -> 18 | L15: =Table3[[#This Row],[Column11]]+Table3[[#This Row],[Column19]] -> 14
A16: Daster | B16: das | C16: 650000 | D16: =C16/20 -> 32500 | E16: =belanja!D17*12 -> 0 | F16: 3 | G16: =Table3[[#This Row],[Column10]]-Table3[[#This Row],[Column19]] -> 0 | H16: =3+6 -> 9 | J16: =Table3[[#This Row],[Column6]]+Table3[[#This Row],[Column5]]-Table3[[#This Row],[Column13]] -> 3 | K16: =IF($B16="","",SUMIF(Transaksi!$D:$D,$B16,Transaksi!$E:$E)+IF($B16="das",SUMIFS(Transaksi!$E:$E,Transaksi!$B:$B,"Daster",Transaksi!$D:$D,""),0)+IF($B16="x7",SUMIFS(Transaksi!$E:$E,Transaksi!$B:$B,"Xseven",Transaksi!$D:$D,""),0)) -> 6 | L16: =Table3[[#This Row],[Column11]]+Table3[[#This Row],[Column19]] -> 3

Sheet Dashboard

Sheet belanja
A1: BELANJA KE UDA 4/5/26
A2: Nama_Barang | B2: kode | C2: Harga_pokok_lusin | D2: pokok_belanja | E2: belanja_lusin | F2: jml_pcs_belanja | G2: jumlah_belanja+stok | H2: Harga+komisi_uda | I2: sum_belanja | J2: total_belanja
A3: Setelan S | B3: a01 | C3: 245000 | D3: =E3*C3 -> 490000 | E3: 2 | F3: =E3*12 -> 24 | G3: =F3+Stok_Baju!L2 -> 58 | H3: =C3+15000 -> 260000 | I3: =H3*E3 -> 520000 | J3: =SUM(I3:I16) -> 3740000
A4: Setelan M | B4: a02 | C4: 260000 | D4: =E4*C4 -> 520000 | E4: 2 | F4: =E4*12 -> 24 | G4: =F4+Stok_Baju!L3 -> 61 | H4: =C4+15000 -> 275000 | I4: =H4*E4 -> 550000
A5: Setelan L | B5: a03 | C5: 270000 | D5: =E5*C5 -> 540000 | E5: 2 | F5: =E5*12 -> 24 | G5: =F5+Stok_Baju!L4 -> 64 | H5: =C5+15000 -> 285000 | I5: =H5*E5 -> 570000
A6: Setelan XL | B6: a04 | C6: 290000 | D6: =E6*C6 -> 580000 | E6: 2 | F6: =E6*12 -> 24 | G6: =F6+Stok_Baju!L5 -> 50 | H6: =C6+15000 -> 305000 | I6: =H6*E6 -> 610000
A7: Dewasa S | B7: b01 | C7: 190000 | D7: =E7*C7 -> 0 | E7: 0 | F7: =E7*12 -> 0 | G7: =F7+Stok_Baju!L6 -> 32 | H7: =C7+15000 -> 205000 | I7: =H7*E7 -> 0
A8: Dewasa M | B8: b02 | C8: 205000 | D8: =E8*C8 -> 205000 | E8: 1 | F8: =E8*12 -> 12 | G8: =F8+Stok_Baju!L7 -> 53 | H8: =C8+15000 -> 220000 | I8: =H8*E8 -> 220000
A9: Dewasa L | B9: b03 | C9: 220000 | D9: =E9*C9 -> 220000 | E9: 1 | F9: =E9*12 -> 12 | G9: =F9+Stok_Baju!L8 -> 55 | H9: =C9+15000 -> 235000 | I9: =H9*E9 -> 235000
A10: Dewasa XL | B10: b04 | C10: 235000 | D10: =E10*C10 -> 0 | E10: 0 | F10: =E10*12 -> 0 | G10: =F10+Stok_Baju!L9 -> 41 | H10: =C10+15000 -> 250000 | I10: =H10*E10 -> 0
A11: Dewasa XXL | B11: b05 | C11: 275000 | D11: =E11*C11 -> 0 | E11: 0 | F11: =E11*12 -> 0 | G11: =F11+Stok_Baju!L10 -> 38 | H11: =C11+15000 -> 290000 | I11: =H11*E11 -> 0
A12: Spandex M | B12: c01 | C12: 360000 | D12: =E12*C12 -> 180000 | E12: 0.5 | F12: =E12*12 -> 6 | G12: =F12+Stok_Baju!L11 -> 22 | H12: =C12+15000 -> 375000 | I12: =H12*E12 -> 187500
A13: Spandex L | B13: c02 | C13: 380000 | D13: =E13*C13 -> 380000 | E13: 1 | F13: =E13*12 -> 12 | G13: =F13+Stok_Baju!L12 -> 26 | H13: =C13+15000 -> 395000 | I13: =H13*E13 -> 395000
A14: Spandex XL | B14: c03 | C14: 410000 | D14: =E14*C14 -> 205000 | E14: 0.5 | F14: =E14*12 -> 6 | G14: =F14+Stok_Baju!L13 -> 19 | H14: =C14+15000 -> 425000 | I14: =H14*E14 -> 212500
A15: Spandex XXL | B15: c04 | C15: 465000 | D15: =E15*C15 -> 232500 | E15: 0.5 | F15: =E15*12 -> 6 | G15: =F15+Stok_Baju!L14 -> 20 | H15: =C15+15000 -> 480000 | I15: =H15*E15 -> 240000
A16: XSeven | B16: x7 | C16: 420000 | D16: =E16*C16 -> 0 | E16: 0 | F16: =E16*12 -> 0 | G16: =F16+Stok_Baju!L15 -> 14 | I16: =(C16*E16)+(15000*E16) -> 0
A17: Daster | B17: das | C17: 650000 | D17: =E17*C17 -> 0 | F17: =E17+Stok_Baju!#REF! -> #REF!
